Country Name,Fertility_rate_2014,GDP_PPP_2014,Population_2014,Region
Afganistan,4.843,1942.48461012269,31627506,Azja Południowa
Angola,6.08,7327.37949009523,24227524,Afryka Subsaharyjska
Albania,1.784,11307.5492760222,2893654,Europa i Azja Środkowa
Zjednoczone Emiraty Arabskie,1.784,67238.9952603094,9086139,Środkowy Wschód i Afryka Północna
Argentyna,2.322,19880.7048226267,42980026,Ameryka Łacińska i Karaiby
Armenia,1.531,8117.6085003522,3006154,Europa i Azja Środkowa
Antigua i Barbuda,2.075,22133.7550197495,90900,Ameryka Łacińska i Karaiby
Australia,1.859,46298.6871835483,23464086,Azja Wschodnia i Pacyfik
Austria,1.44,48658.9800853565,8541575,Europa i Azja Środkowa
Azerbejdżan,2,17607.6228933646,9535079,Europa i Azja Środkowa
Burundi,5.948,773.703029354352,10816860,Afryka Subsaharyjska
Belgium,1.75,44746.8518678043,11231213,Europa i Azja Środkowa
Benin,4.766,2045.97178728552,10598482,Afryka Subsaharyjska
Burkina Faso,5.521,1660.46463961144,17589198,Afryka Subsaharyjska
Bangladesz,2.175,3138.24245715061,159077513,Azja Południowa
Bułgaria,1.48,17406.0984643757,7223938,Europa i Azja Środkowa
Bahrain,2.056,45310.9588503698,1361930,Środkowy Wschód i Afryka Północna
Bahamy,1.872,23441.1021553659,383054,Ameryka Łacińska i Karaiby
Bośnia i Hercegowina,1.263,10472.717494029,3817554,Europa i Azja Środkowa
Białoruś,1.62,18290.7428591897,9483000,Europa i Azja Środkowa
Belize,2.579,8485.55540299269,351706,Ameryka Łacińska i Karaiby
Boliwia,2.968,6662.80146581681,10561887,Ameryka Łacińska i Karaiby
Brazylia,1.79,15972.0280657904,206077898,Ameryka Łacińska i Karaiby
Barbados,1.794,16136.5647641399,283380,Ameryka Łacińska i Karaiby
Brunei Darussalam,1.874,79059.488901791,417394,Azja Wschodnia i Pacyfik
Bhutan,2.027,7875.8008249096,765008,Azja Południowa
Botswana,2.836,16011.8684696706,2219937,Afryka Subsaharyjska
Republika Środkowoafrykańska,4.286,595.795888331801,4804316,Afryka Subsaharyjska
Kanada,1.61,44897.2216655232,35543658,Ameryka Północna
Szwajcaria,1.52,61282.1098942725,8188649,Europa i Azja Środkowa
Chile,1.761,22909.7962509559,17762647,Ameryka Łacińska i Karaiby
Chiny,1.562,13439.9076421309,1364270000,Azja Wschodnia i Pacyfik
Wybrzeże Kości Słoniowej,5.001,3262.72656405722,22157107,Afryka Subsaharyjska
Kamerun,4.704,2986.97418770438,22773014,Afryka Subsaharyjska
Kongo,6.006,748.982308546287,74877030,Afryka Subsaharyjska
Kongo,4.869,6307.90169054866,4504962,Afryka Subsaharyjska
Kolumbia,1.897,13394.0791967416,47791393,Ameryka Łacińska i Karaiby
Komory,4.49,1487.77721583784,769991,Afryka Subsaharyjska
Republika Zielonego Przyladka,2.303,6475.75966220125,513906,Afryka Subsaharyjska
Kostaryka,1.819,15028.14728205,4757606,Ameryka Łacińska i Karaiby
Cypr,1.446,30482.6391988363,1153658,Europa i Azja Środkowa
Czechy,1.46,32386.2453117947,10525347,Europa i Azja Środkowa
Niemcy,1.39,47099.7180322536,80982500,Europa i Azja Środkowa
Dżibuti,3.195,3286.64176651131,876174,Środkowy Wschód i Afryka Północna
Dania,1.67,47008.8314898187,5643475,Europa i Azja Środkowa
Dominikana,2.48,13313.8399989038,10405943,Ameryka Łacińska i Karaiby
Algeria,2.857,14277.6284858108,38934334,Środkowy Wschód i Afryka Północna
Ekwador,2.542,11506.2044038323,15902916,Ameryka Łacińska i Karaiby
Egipt,3.338,10585.1245571256,89579670,Środkowy Wschód i Afryka Północna
Hiszpania,1.27,33822.221543486,46480882,Europa i Azja Środkowa
Estonia,1.52,28568.4962841273,1314545,Europa i Azja Środkowa
Etiopia,4.395,1507.20241847384,96958732,Afryka Subsaharyjska
Finlandia,1.75,41526.2283967305,5461512,Europa i Azja Środkowa
Fidżi,2.564,8793.96642045047,886450,Azja Wschodnia i Pacyfik
Francja,1.99,40151.8133849079,66495940,Europa i Azja Środkowa
Mikronezja,3.243,3347.05218909732,104044,Azja Wschodnia i Pacyfik
Gabon,3.909,19526.5549877211,1687673,Afryka Subsaharyjska
Wielka Brytania,1.83,40745.1870440294,64613160,Europa i Azja Środkowa
Georgia,1.816,9216.32482918236,3727000,Europa i Azja Środkowa
Ghana,4.168,4101.92809773675,26786598,Afryka Subsaharyjska
Gwinea,5.013,1227.34292391477,12275527,Afryka Subsaharyjska
Gambia,5.717,1638.58817005369,1928201,Afryka Subsaharyjska
Gwinea-Bissau,4.835,1407.82394494852,1800513,Afryka Subsaharyjska
Gwinea Równikowa,4.835,45218.0978649919,820885,Afryka Subsaharyjska
Grecja,1.3,26453.9199032126,10892413,Europa i Azja Środkowa
Grenada,2.149,12684.1967477716,106349,Ameryka Łacińska i Karaiby
Gwatemala,3.211,7485.84423417129,16015494,Ameryka Łacińska i Karaiby
Gujana,2.558,7254.69542468797,763893,Ameryka Łacińska i Karaiby
Hong Kong,1.234,55463.7403281102,7241700,Azja Wschodnia i Pacyfik
Honduras,2.382,4933.04263008583,7961680,Ameryka Łacińska i Karaiby
Chorwacja,1.46,22002.4800657345,4238389,Europa i Azja Środkowa
Haiti,3.033,1740.95681427364,10572029,Ameryka Łacińska i Karaiby
Węgry,1.35,25516.8470090461,9866468,Europa i Azja Środkowa
Indonezja,2.463,10566.952977549,254454778,Azja Wschodnia i Pacyfik
Indie,2.427,5679.58827388634,1295291543,Azja Południowa
Irlandia,1.96,51310.9841701548,4617225,Europa i Azja Środkowa
Iran,1.707,17388.4309424178,78143644,Środkowy Wschód i Afryka Północna
Irak,4.566,15266.4709065116,35273293,Środkowy Wschód i Afryka Północna
Islandia,1.93,43960.9667496712,327386,Europa i Azja Środkowa
Izrael,3.08,34956.829130784,8215700,Środkowy Wschód i Afryka Północna
Włochy,1.39,36293.8031815337,60789140,Europa i Azja Środkowa
Jamajka,2.046,8723.17866146945,2720554,Ameryka Łacińska i Karaiby
Jordania,3.422,10788.9230145217,7416083,Środkowy Wschód i Afryka Północna
Japonia,1.42,39449.442598389,127131800,Azja Wschodnia i Pacyfik
Kazachstan,2.74,24845.4541371692,17289224,Europa i Azja Środkowa
Kenia,4.334,2969.02324934242,44863583,Afryka Subsaharyjska
Kirgistan,3.2,3351.52867057666,5835500,Europa i Azja Środkowa
Kambodża,2.635,3278.83208465759,15328136,Azja Wschodnia i Pacyfik
Kiribati,3.73,1940.56168422363,110470,Azja Wschodnia i Pacyfik
Korea,1.205,33856.5788281048,50423955,Azja Wschodnia i Pacyfik
Kosowo,2.1,9165.67111960772,1812771,Europa i Azja Środkowa
Kuwejt,2.105,75197.0292878014,3753121,Środkowy Wschód i Afryka Północna
Laos,2.991,5333.52538843413,6689300,Azja Wschodnia i Pacyfik
Lebanon,1.714,14189.7572628034,5612096,Środkowy Wschód i Afryka Północna
Liberia,4.719,846.567032923362,4396554,Afryka Subsaharyjska
St. Lucia,1.89,10655.1397801514,183645,Ameryka Łacińska i Karaiby
Sri Lanka,2.083,11210.2979913588,20771000,Azja Południowa
Lesotho,3.185,2906.98727600647,2109197,Afryka Subsaharyjska
Litwa,1.59,28067.0834138247,2932367,Europa i Azja Środkowa
Luksemburg,1.55,99732.4593444194,556319,Europa i Azja Środkowa
Łotwa,1.52,23884.1291725913,1993782,Europa i Azja Środkowa
Makau,1.243,140813.517981169,577914,Azja Wschodnia i Pacyfik
Maroko,2.515,7524.04516658113,33921203,Środkowy Wschód i Afryka Północna
Mołdawia,1.256,5017.0936356271,3556397,Europa i Azja Środkowa
Madagaskar,4.409,1446.39024675489,23571713,Afryka Subsaharyjska
Malediwy,2.123,12534.7096331904,401000,Azja Południowa
Meksyk,2.243,17205.5914384142,125385833,Ameryka Łacińska i Karaiby
Macedonia,1.524,13476.983118876,2075625,Europa i Azja Środkowa
Mali,6.229,1950.58824003987,17086022,Afryka Subsaharyjska
Malta,1.38,32488.6333670319,427364,Środkowy Wschód i Afryka Północna
Birma,2.204,4882.4453294341,53437159,Azja Wschodnia i Pacyfik
Czarnogóra,1.689,15410.0726476579,621810,Europa i Azja Środkowa
Mongolia,2.655,12012.2369092302,2909871,Azja Wschodnia i Pacyfik
Mozambik,5.359,1137.31678259315,27216276,Afryka Subsaharyjska
Mauretania,4.603,3890.76188121182,3969625,Afryka Subsaharyjska
Mauritius,1.43,19230.6575231181,1260934,Afryka Subsaharyjska
Malawi,5.129,1174.28993701303,16695253,Afryka Subsaharyjska
Malezja,1.944,25765.7585179412,29901997,Azja Wschodnia i Pacyfik
Namibia,3.522,10010.3984728188,2402858,Afryka Subsaharyjska
Niger,7.599,949.908768122856,19113728,Afryka Subsaharyjska
Nigeria,5.65,5940.57014479176,177475986,Afryka Subsaharyjska
Nikaragua,2.264,4958.80329568206,6013913,Ameryka Łacińska i Karaiby
Holandia,1.68,49055.3831959308,16865008,Europa i Azja Środkowa
Norwegia,1.78,65713.5104557314,5137232,Europa i Azja Środkowa
Nepal,2.222,2399.77270368837,28174724,Azja Południowa
Nowa Zelandia,1.92,37087.9379929414,4509700,Azja Wschodnia i Pacyfik
Oman,2.774,39678.2993908115,4236057,Środkowy Wschód i Afryka Północna
Pakistan,3.617,4833.65539441935,185044286,Azja Południowa
Panama,2.444,21130.2017439541,3867535,Ameryka Łacińska i Karaiby
Peru,2.455,12161.9443879789,30973148,Ameryka Łacińska i Karaiby
Filipiny,2.977,7009.80967074326,99138690,Azja Wschodnia i Pacyfik
Papua i Nowa Gwinea,3.757,2868.91634101206,7463577,Azja Wschodnia i Pacyfik
Polska,1.29,25730.20695756,38011735,Europa i Azja Środkowa
Portugalia,1.21,28892.9317644085,10401062,Europa i Azja Środkowa
Paragwaj,2.542,8955.58094041456,6552518,Ameryka Łacińska i Karaiby
West Bank i Gaza,4.176,4550.17320175143,4294682,Środkowy Wschód i Afryka Północna
Katar,2.026,139174.278832964,2172065,Środkowy Wschód i Afryka Północna
Rumania,1.41,20796.9885641642,19908979,Europa i Azja Środkowa
Rosja,1.7,25094.7271005568,143819569,Europa i Azja Środkowa
Ruanda,3.898,1669.50752188405,11341544,Afryka Subsaharyjska
Arabia Saudyjska,2.765,52268.2955569289,30886545,Środkowy Wschód i Afryka Północna
Sudan,4.353,4231.1957285026,39350274,Afryka Subsaharyjska
Senegal,5.09,2319.1738792865,14672557,Afryka Subsaharyjska
Singapur,1.25,83798.5892335035,5469724,Azja Wschodnia i Pacyfik
Wyspy Salomona,3.966,2141.01212690556,572171,Azja Wschodnia i Pacyfik
Sierra Leone,4.626,1997.99228104703,6315627,Afryka Subsaharyjska
Salwador,1.931,8349.20690111386,6107706,Ameryka Łacińska i Karaiby
Serbia,1.43,13806.0330350118,7130576,Europa i Azja Środkowa
Sudan Południowy,5.022,2028.89535974783,11911184,Afryka Subsaharyjska
Wyspa Św. Tomasza i Książęca,4.576,3128.40187687322,186342,Afryka Subsaharyjska
Surinam,2.36,16720.1466320945,538248,Ameryka Łacińska i Karaiby
Słowacja,1.34,29045.7515407083,5418649,Europa i Azja Środkowa
Słowenia,1.55,31022.1556328654,2061980,Europa i Azja Środkowa
Szwecja,1.89,46445.7719135224,9696110,Europa i Azja Środkowa
Suazi,3.266,8517.09175125573,1269112,Afryka Subsaharyjska
Seszele,2.3,26564.9676381115,91400,Afryka Subsaharyjska
Czad,6.156,2184.6984737433,13587053,Afryka Subsaharyjska
Togo,4.584,1407.72551808752,7115163,Afryka Subsaharyjska
Tajlandia,1.512,15775.6144430824,67725979,Azja Wschodnia i Pacyfik
Tadżikistan,3.49,2704.1068954892,8295840,Europa i Azja Środkowa
Turkmenistan,2.301,15550.1216828503,5307188,Europa i Azja Środkowa
Timor Wschodni,5.1,2329.51003652901,1212107,Azja Wschodnia i Pacyfik
Tonga,3.722,5309.42493357575,105586,Azja Wschodnia i Pacyfik
Trinidad i Tobago,1.778,33282.8777138697,1354483,Ameryka Łacińska i Karaiby
Tunezja,2.2,11357.8154267042,10996600,Środkowy Wschód i Afryka Północna
Turcja,2.07,19653.6118276374,77523788,Europa i Azja Środkowa
Tanzania,5.145,2550.4905036351,51822621,Afryka Subsaharyjska
Uganda,5.775,1799.29374264023,37782971,Afryka Subsaharyjska
Ukraina,1.498,8683.64084212016,45362900,Europa i Azja Środkowa
Urugwaj,2.02,20886.4580379119,3419516,Ameryka Łacińska i Karaiby
USA,1.8615,54539.6655752119,318907401,Ameryka Północna
Uzbekistan,2.2,5673.7861925224,30757700,Europa i Azja Środkowa
St. Vincent i Grenadyny,1.974,10857.2875461283,109360,Ameryka Łacińska i Karaiby
Wenezuela,2.365,17664.7393473477,30693827,Ameryka Łacińska i Karaiby
Wietnam,1.961,5656.95694019801,90728900,Azja Wschodnia i Pacyfik
Vanuatu,3.347,3046.3922856626,258883,Azja Wschodnia i Pacyfik
Samoa,4.086,5818.90256477879,191845,Azja Wschodnia i Pacyfik
Jemen,4.16,3977.43211748823,26183676,Środkowy Wschód i Afryka Północna
Republika Południowej Afryki,2.363,13097.973689899,54058647,Afryka Subsaharyjska
Zambia,5.353,3802.03529241017,15721343,Afryka Subsaharyjska
Zimbabwe,3.923,1800.40520920436,15245855,Afryka Subsaharyjska
